R,G,B,Hue,HSL_S,HSL_L,label
0,46,99,212.0,100.0,19.0,black
37,53,41,135.0,18.0,18.0,black
1,2,3,210.0,50.0,1.0,black
0,66,66,180.0,100.0,13.0,black
0,64,64,180.0,100.0,13.0,black
27,27,27,0.0,0.0,11.0,black
1,2,3,210.0,50.0,1.0,black
59,60,54,70.0,5.0,22.0,black
0,46,99,212.0,100.0,19.0,black
0,0,0,0.0,0.0,0.0,black
84,98,111,209.0,14.0,38.0,black
0,46,99,212.0,100.0,19.0,black
0,64,64,180.0,100.0,13.0,black
0,64,64,180.0,100.0,13.0,black
27,27,27,0.0,0.0,11.0,black
59,60,54,70.0,5.0,22.0,black
37,53,41,135.0,18.0,18.0,black
27,27,27,0.0,0.0,11.0,black
27,27,27,0.0,0.0,11.0,black
84,98,111,209.0,14.0,38.0,black
191,175,178,349.0,11.0,72.0,black
59,60,54,70.0,5.0,22.0,black
61,12,2,10.0,94.0,12.0,black
27,27,27,0.0,0.0,11.0,black
1,11,19,207.0,90.0,4.0,black
16,12,8,30.0,33.0,5.0,black
191,175,178,349.0,11.0,72.0,black
61,12,2,10.0,94.0,12.0,black
1,11,19,207.0,90.0,4.0,black
59,60,54,70.0,5.0,22.0,black
0,0,0,0.0,0.0,0.0,black
1,11,19,207.0,90.0,4.0,black
0,0,0,0.0,0.0,0.0,black
191,175,178,349.0,11.0,72.0,black
1,2,3,210.0,50.0,1.0,black
1,11,19,207.0,90.0,4.0,black
36,33,36,300.0,4.0,14.0,black
0,0,0,0.0,0.0,0.0,black
0,64,64,180.0,100.0,13.0,black
0,64,64,180.0,100.0,13.0,black
0,66,66,180.0,100.0,13.0,black
0,0,0,0.0,0.0,0.0,black
1,11,19,207.0,90.0,4.0,black
1,11,19,207.0,90.0,4.0,black
0,66,66,180.0,100.0,13.0,black
16,12,8,30.0,33.0,5.0,black
16,12,8,30.0,33.0,5.0,black
0,66,66,180.0,100.0,13.0,black
16,12,8,30.0,33.0,5.0,black
84,98,111,209.0,14.0,38.0,black
1,11,19,207.0,90.0,4.0,black
0,46,99,212.0,100.0,19.0,black
37,53,41,135.0,18.0,18.0,black
36,33,36,300.0,4.0,14.0,black
84,98,111,209.0,14.0,38.0,black
59,60,54,70.0,5.0,22.0,black
84,98,111,209.0,14.0,38.0,black
0,46,99,212.0,100.0,19.0,black
59,60,54,70.0,5.0,22.0,black
36,33,36,300.0,4.0,14.0,black
0,46,99,212.0,100.0,19.0,black
61,12,2,10.0,94.0,12.0,black
37,53,41,135.0,18.0,18.0,black
36,33,36,300.0,4.0,14.0,black
1,11,19,207.0,90.0,4.0,black
16,12,8,30.0,33.0,5.0,black
61,12,2,10.0,94.0,12.0,black
0,0,0,0.0,0.0,0.0,black
36,33,36,300.0,4.0,14.0,black
0,0,0,0.0,0.0,0.0,black
59,60,54,70.0,5.0,22.0,black
61,12,2,10.0,94.0,12.0,black
37,53,41,135.0,18.0,18.0,black
1,11,19,207.0,90.0,4.0,black
0,66,66,180.0,100.0,13.0,black
1,11,19,207.0,90.0,4.0,black
0,46,99,212.0,100.0,19.0,black
1,11,19,207.0,90.0,4.0,black
1,2,3,210.0,50.0,1.0,black
27,27,27,0.0,0.0,11.0,black
255,222,173,36.0,100.0,84.0,white
239,223,187,42.0,62.0,84.0,white
255,255,255,0.0,0.0,100.0,white
255,250,240,40.0,100.0,97.0,white
255,222,173,36.0,100.0,84.0,white
219,233,244,206.0,53.0,91.0,white
255,222,173,36.0,100.0,84.0,white
255,255,255,0.0,0.0,100.0,white
255,250,240,40.0,100.0,97.0,white
239,223,187,42.0,62.0,84.0,white
255,255,255,0.0,0.0,100.0,white
255,255,255,0.0,0.0,100.0,white
219,233,244,206.0,53.0,91.0,white
248,248,255,240.0,100.0,99.0,white
255,250,240,40.0,100.0,97.0,white
250,235,215,34.0,78.0,91.0,white
255,255,255,0.0,0.0,100.0,white
248,248,255,240.0,100.0,99.0,white
250,235,215,34.0,78.0,91.0,white
255,250,240,40.0,100.0,97.0,white
242,243,244,210.0,8.0,95.0,white
248,248,255,240.0,100.0,99.0,white
245,245,245,0.0,0.0,96.0,white
242,243,244,210.0,8.0,95.0,white
219,233,244,206.0,53.0,91.0,white
255,222,173,36.0,100.0,84.0,white
239,223,187,42.0,62.0,84.0,white
245,245,245,0.0,0.0,96.0,white
219,233,244,206.0,53.0,91.0,white
255,250,240,40.0,100.0,97.0,white
219,233,244,206.0,53.0,91.0,white
255,222,173,36.0,100.0,84.0,white
255,250,240,40.0,100.0,97.0,white
245,245,245,0.0,0.0,96.0,white
255,222,173,36.0,100.0,84.0,white
250,235,215,34.0,78.0,91.0,white
239,223,187,42.0,62.0,84.0,white
245,245,245,0.0,0.0,96.0,white
250,235,215,34.0,78.0,91.0,white
245,245,245,0.0,0.0,96.0,white
255,250,240,40.0,100.0,97.0,white
250,235,215,34.0,78.0,91.0,white
239,223,187,42.0,62.0,84.0,white
255,222,173,36.0,100.0,84.0,white
255,255,255,0.0,0.0,100.0,white
219,233,244,206.0,53.0,91.0,white
242,243,244,210.0,8.0,95.0,white
239,223,187,42.0,62.0,84.0,white
250,235,215,34.0,78.0,91.0,white
255,255,255,0.0,0.0,100.0,white
239,223,187,42.0,62.0,84.0,white
250,235,215,34.0,78.0,91.0,white
248,248,255,240.0,100.0,99.0,white
248,248,255,240.0,100.0,99.0,white
239,223,187,42.0,62.0,84.0,white
248,248,255,240.0,100.0,99.0,white
250,235,215,34.0,78.0,91.0,white
250,235,215,34.0,78.0,91.0,white
239,223,187,42.0,62.0,84.0,white
255,255,255,0.0,0.0,100.0,white
255,222,173,36.0,100.0,84.0,white
245,245,245,0.0,0.0,96.0,white
255,255,255,0.0,0.0,100.0,white
255,250,240,40.0,100.0,97.0,white
250,235,215,34.0,78.0,91.0,white
255,250,240,40.0,100.0,97.0,white
255,255,255,0.0,0.0,100.0,white
245,245,245,0.0,0.0,96.0,white
245,245,245,0.0,0.0,96.0,white
242,243,244,210.0,8.0,95.0,white
245,245,245,0.0,0.0,96.0,white
255,222,173,36.0,100.0,84.0,white
245,245,245,0.0,0.0,96.0,white
255,255,255,0.0,0.0,100.0,white
242,243,244,210.0,8.0,95.0,white
255,255,255,0.0,0.0,100.0,white
255,255,255,0.0,0.0,100.0,white
219,233,244,206.0,53.0,91.0,white
242,243,244,210.0,8.0,95.0,white
255,255,255,0.0,0.0,100.0,white
242,186,73,40.0,87.0,62.0,red
215,10,83,339.0,91.0,44.0,red
204,51,51,0.0,60.0,50.0,red
194,30,86,340.0,73.0,44.0,red
175,0,42,346.0,100.0,34.0,red
171,75,82,356.0,39.0,48.0,red
166,58,121,325.0,48.0,44.0,red
255,83,73,3.0,100.0,64.0,red
170,56,30,11.0,70.0,39.0,red
199,21,133,322.0,81.0,43.0,red
124,72,72,0.0,27.0,38.0,red
232,0,13,357.0,100.0,45.0,red
204,0,51,345.0,100.0,40.0,red
237,41,57,355.0,84.0,55.0,red
255,64,64,0.0,100.0,63.0,red
204,0,0,0.0,100.0,40.0,red
164,0,0,0.0,100.0,32.0,red
255,40,0,9.0,100.0,50.0,red
174,12,0,4.0,100.0,34.0,red
165,42,42,0.0,59.0,41.0,red
190,0,50,344.0,100.0,37.0,red
228,0,120,328.0,100.0,45.0,red
255,56,85,351.0,100.0,61.0,red
201,0,22,353.0,100.0,39.0,red
205,92,92,0.0,53.0,58.0,red
203,109,81,14.0,54.0,56.0,red
134,1,17,353.0,99.0,26.0,red
253,58,74,355.0,98.0,61.0,red
150,0,24,10.0,100.0,29.0,red
253,14,53,350.0,98.0,52.0,red
224,60,49,4.0,74.0,54.0,red
199,21,133,322.0,81.0,43.0,red
203,65,84,352.0,57.0,53.0,red
187,51,133,324.0,57.0,47.0,red
0,83,83,165.0,100.0,16.0,red
153,0,0,0.0,100.0,30.0,red
33,8,55,139.0,75.0,12.0,red
255,73,108,348.0,100.0,64.0,red
255,8,0,2.0,100.0,50.0,red
229,26,76,345.0,80.0,50.0,red
128,24,24,0.0,68.0,30.0,red
194,59,34,9.0,70.0,45.0,red
255,36,0,8.0,100.0,50.0,red
255,0,63,345.0,100.0,50.0,red
219,112,147,340.0,60.0,65.0,red
179,27,27,0.0,74.0,40.0,red
102,66,77,342.0,21.0,33.0,red
124,10,2,4.0,97.0,25.0,red
245,245,245,0.0,0.0,96.0,red
217,33,33,0.0,74.0,49.0,red
255,0,56,347.0,100.0,50.0,red
209,0,86,335.0,100.0,41.0,red
227,0,34,351.0,100.0,45.0,red
247,83,148,336.0,91.0,65.0,red
245,105,145,343.0,88.0,69.0,red
211,0,63,342.0,100.0,41.0,red
114,47,55,353.0,42.0,32.0,red
223,97,36,20.0,75.0,51.0,red
255,105,97,3.0,100.0,69.0,red
121,68,59,9.0,34.0,35.0,red
255,69,0,16.0,100.0,50.0,red
218,44,67,352.0,70.0,51.0,red
229,144,115,15.0,69.0,68.0,red
254,39,18,5.0,99.0,53.0,red
196,2,51,345.0,98.0,39.0,red
247,13,26,357.0,94.0,51.0,red
217,0,76,339.0,100.0,43.0,red
226,6,44,350.0,95.0,45.0,red
255,0,0,0.0,100.0,50.0,red
166,58,121,236.0,48.0,44.0,red
230,0,38,350.0,100.0,45.0,red
255,53,94,348.0,100.0,60.0,red
237,41,57,355.0,84.0,55.0,red
200,8,21,356.0,92.0,41.0,red
238,32,77,347.0,86.0,53.0,red
237,28,36,358.0,85.0,52.0,red
158,19,22,359.0,79.0,35.0,red
233,116,81,14.0,78.0,62.0,red
206,32,41,357.0,73.0,47.0,red
227,38,54,355.0,77.0,52.0,red
148,87,235,265.0,79.0,63.0,blue
0,119,190,202.0,100.0,37.0,blue
54,117,136,194.0,43.0,37.0,blue
83,104,120,206.0,18.0,40.0,blue
0,0,205,240.0,100.0,40.0,blue
18,97,128,197.0,75.0,29.0,blue
139,114,190,260.0,37.0,60.0,blue
40,88,156,215.0,59.0,38.0,blue
141,217,204,141.0,50.0,70.0,blue
10,186,181,178.0,90.0,38.0,blue
0,24,168,231.0,100.0,33.0,blue
147,204,234,201.0,67.0,75.0,blue
0,0,255,240.0,100.0,50.0,blue
0,0,156,240.0,100.0,31.0,blue
102,153,204,210.0,50.0,60.0,blue
138,43,226,271.0,76.0,53.0,blue
0,35,102,219.0,100.0,20.0,blue
83,104,149,221.0,28.0,46.0,blue
123,104,238,249.0,80.0,67.0,blue
31,117,254,217.0,99.0,56.0,blue
0,109,176,203.0,100.0,35.0,blue
0,135,189,197.0,100.0,37.0,blue
188,212,230,206.0,46.0,82.0,blue
161,202,241,209.0,74.0,79.0,blue
80,114,167,217.0,35.0,48.0,blue
116,187,251,208.0,94.0,72.0,blue
128,218,235,190.0,73.0,71.0,blue
0,65,106,203.0,100.0,21.0,blue
0,105,148,197.0,100.0,29.0,blue
0,0,128,240.0,100.0,25.0,blue
0,51,153,220.0,100.0,30.0,blue
0,47,167,223.0,100.0,33.0,blue
0,51,153,220.0,100.0,30.0,blue
174,198,207,196.0,26.0,75.0,blue
0,48,143,220.0,100.0,28.0,blue
67,107,149,211.0,38.0,42.0,blue
0,122,165,196.0,100.0,32.0,blue
0,123,167,196.0,100.0,33.0,blue
150,200,162,134.0,31.0,69.0,blue
71,171,204,195.0,57.0,54.0,blue
93,173,236,206.0,79.0,65.0,blue
0,255,255,180.0,100.0,50.0,blue
173,216,230,195.0,53.0,79.0,blue
0,103,165,203.0,100.0,32.0,blue
0,103,165,203.0,100.0,32.0,blue
25,116,210,210.0,79.0,46.0,blue
204,204,255,240.0,100.0,90.0,blue
162,162,208,240.0,33.0,73.0,blue
0,115,207,207.0,100.0,41.0,blue
16,52,166,226.0,82.0,36.0,blue
150,222,209,169.0,52.0,73.0,blue
29,172,214,194.0,76.0,48.0,blue
30,144,255,210.0,100.0,56.0,blue
135,206,250,203.0,92.0,75.0,blue
240,255,255,180.0,100.0,97.0,blue
172,229,238,188.0,66.0,80.0,blue
0,35,149,226.0,100.0,29.0,blue
0,123,184,200.0,100.0,36.0,blue
0,204,204,180.0,100.0,40.0,blue
6,42,120,221.0,90.0,25.0,blue
240,248,255,208.0,100.0,97.0,blue
106,90,205,248.0,53.0,58.0,blue
79,134,247,220.0,91.0,64.0,blue
0,56,168,220.0,100.0,33.0,blue
119,139,165,214.0,20.0,56.0,blue
125,249,255,183.0,100.0,75.0,blue
33,171,205,192.0,72.0,47.0,blue
3,80,150,209.0,96.0,30.0,blue
0,33,71,212.0,100.0,14.0,blue
201,255,229,151.0,100.0,89.0,blue
69,177,232,200.0,78.0,59.0,blue
39,59,226,234.0,76.0,52.0,blue
34,67,182,227.0,69.0,42.0,blue
42,82,190,224.0,64.0,45.0,blue
176,196,222,214.0,41.0,78.0,blue
85,53,146,261.0,47.0,39.0,blue
86,160,211,204.0,59.0,58.0,blue
175,238,238,180.0,65.0,81.0,blue
13,152,186,192.0,87.0,39.0,blue
0,185,251,196.0,100.0,49.0,blue
